attack_type,agent,asr,successes,total,ci_lower,ci_upper
harmful,bear,0.115,23,200,0.07786373232561955,0.16664716898487572
harmful,fox,0.0,0,200,1.734723475976807e-18,0.018845326377266575
harmful,eagle,0.0,0,200,1.734723475976807e-18,0.018845326377266575
harmful,ant,0.0,0,200,1.734723475976807e-18,0.018845326377266575
harmful,wolf,0.01,2,200,0.0027466581335444384,0.0357217617161768
harmful,chameleon,0.985,197,200,0.9568342712073097,0.9948857622067417
harmful,elephant,0.0,0,200,1.734723475976807e-18,0.018845326377266575
